Name,,amount
Angelic Gift,,1
Anticipate,,1
Bane of Bala Ged,,1
Bone Splinters,,1
Cliffside Lookout,,1
Cloud Manta,,1
Complete Disregard,,1
Coralhelm Guide,,1
Dispel,,1
Evolving Wilds,,1
Eyeless Watcher,,1
Fertile Thicket,,1
Forerunner of Slaughter,,1
From Beyond,,1
Giant Mantis,,1
Gideon's Reproach,,1
Hedron Archive,,1
Inspired Charge,,1
Lavastep Raider,,1
Lifespring Druid,,1
Looming Spires,,1
Makindi Sliderunner,,1
Malakir Familiar,,1
Mist Intruder,,1
Mortuary Mire,,1
Natural Connection,,1
Nirkana Assassin,,1
Oran-Rief Invoker,,1
Outnumber,,1
Pathway Arrows,,1
Plummet,,1
Radiant Flames,,1
Reclaiming Vines,,1
Retreat to Coralhelm,,1
Rush of Ice,,1
Scour from Existence,,1
Serene Steward,,1
Silent Skimmer,,1
Skyrider Elf,,1
Snapping Gnarlid,,1
Spell Shrivel,,1
Stasis Snare,,1
Stone Haven Medic,,1
Tightening Coils,,1
Tunneling Geopede,,1
Valakut Predator,,1
Zulaport Cutthroat,,1
Allied Reinforcements,,1
Kor Sky Climber,,1
Slip Through Space,,1
Ancient Crab,,1
Negate,,1
Roiling Waters,,1
Sweep Away,,1
Vampire Envoy,,1
Brute Strength,,1
Cinder Hellion,,1
Devour in Flames,,1
Embodiment of Fury,,1
Expedite,,1
Reckless Bushwhacker,,1
Sparkmage's Gambit,,1
Loam Larva,,1
Tajuru Pathwarden,,1
Bone Saw,,1
Chitinous Cloak,,1
Hedron Crawler,,1
Seer's Lantern,,1
Cinder Barrens,,1
Crumbling Vestige,,1
Meandering River,,1
Submerged Boneyard,,1
Timber Gorge,,1
Tranquil Expanse,,1
Unknown Shores,,1
Apothecary Geist,,1
Bygone Bishop,,1
Cathar's Companion,,1
Dauntless Cathar,,1
Militant Inquisitor,,1
Stern Constable,,1
Survive the Night,,1
Thalia's Lieutenant,,1
Unruly Mob,,1
Aberrant Researcher,,1
Compelling Deterrence,,1
Drownyard Explorers,,1
Ghostly Wings,,1
Niblis of Dusk,,1
Pieces of the Puzzle,,1
Pore Over the Pages,,1
Reckless Scholar,,1
Rise from the Tides,,1
Silburlind Snapper,,1
Silent Observer,,1
Stitched Mangler,,1
Crow of Dark Tidings,,1
Dead Weight,,1
Grotesque Mutation,,1
Macabre Waltz,,1
Murderous Compulsion,,1
Shamble Back,,1
Stromkirk Mentor,,1
Vessel of Malignity,,1
Ember-Eye Wolf,,1
Gatstaf Arsonists,,1
Geier Reach Bandit,,1
Geistblast,,1
Lightning Axe,,1
Magmatic Chasm,,1
Pyre Hound,,1
Sanguinary Mage,,1
Tormenting Voice,,1
Voldaren Duelist,,1
Crawling Sensation,,1
Equestrian Skill,,1
Gloomwidow,,1
Moldgraf Scavenger,,1
Pack Guardian,,1
Quilled Wolf,,1
Rabid Bite,,1
Watcher in the Web,,1
Epitaph Golem,,1
Explosive Apparatus,,1
Forsaken Sanctuary,,1
Foul Orchard,,1
Stone Quarry,,1
Woodland Stream,,1
Plains,,1
Island,,1
Swamp,,1
Mountain,,1
Forest,,1
Marked by Honor,,1
Serra Angel,,1
Air Servant,,1
Disperse,,1
Sphinx of Magosi,,1
Mind Rot,,1
Nightmare,,1
Sengir Vampire,,1
Walking Corpse,,1
Borderland Marauder,,1
Cone of Flame,,1
Incremental Growth,,1
Oakenform,,1
Soul of the Harvest,,1
Wretched Gryff,,1
Choking Restraints,,1
Desperate Sentry,,1
Drogskol Shieldmate,,1
Extricator of Sin,,1
Faithbearer Paladin,,1
Geist of the Lonely Vigil,,1
Ironwright's Cleansing,,1
Long Road Home,,1
Selfless Spirit,,1
Sigardian Priest,,1
Spectral Reserves,,1
Thraben Standard Bearer,,1
Displace,,1
Enlightened Maniac,,1
Exultant Cultist,,1
Laboratory Brute,,1
Lunar Force,,1
Tattered Haunter,,1
Boon of Emrakul,,1
Borrowed Malevolence,,1
Cemetery Recruitment,,1
Certain Death,,1
Dark Salvation,,1
Dusk Feaster,,1
Gavony Unhallowed,,1
Liliana's Elite,,1
Ruthless Disposal,,1
Skirsdag Supplicant,,1
Strange Augmentation,,1
Vampire Cutthroat,,1
Weirded Vampire,,1
Alchemist's Greeting,,1
Blood Mist,,1
Bold Impaler,,1
Borrowed Hostility,,1
Distemper of the Blood,,1
Hanweir Garrison,,1
Incendiary Flow,,1
Prophetic Ravings,,1
Savage Alliance,,1
Spreading Flames,,1
Stensia Banquet,,1
Vildin-Pack Outcast,,1
Backwoods Survivalists,,1
Bloodbriar,,1
Crossroads Consecrator,,1
Foul Emissary,,1
Primal Druid,,1
Springsage Ritual,,1
Swift Spinner,,1
Tangleclaw Werewolf,,1
Ulvenwald Captive,,1
Wolfkin Bond,,1
Grim Flayer,,1
Mercurial Geists,,1
Field Creeper,,1
Geist-Fueled Scarecrow,,1
Lupine Prototype,,1
Soul Separator,,1
Terrarion,,1
Hanweir Battlements,,1